subject,test_acc,acc_left_hand,acc_right_hand
1,0.8541666666666666,0.8194444444444444,0.8888888888888888
2,0.5347222222222222,0.7222222222222222,0.3472222222222222
3,0.9097222222222222,0.8333333333333334,0.9861111111111112
4,0.6666666666666666,0.5833333333333334,0.75
5,0.5833333333333334,0.8333333333333334,0.3333333333333333
