lr,batch_size,weight_decay,val_acc
0.001,32,0.0001,0.6666666666666666
0.0001,32,0.0001,0.5381944444444444
0.0001,32,0.001,0.5347222222222222
0.0001,16,0.001,0.5347222222222222
0.001,16,0.0001,0.53125
0.001,16,0.001,0.5208333333333334
0.0001,16,0.0001,0.5
0.001,32,0.001,0.5
